No, Freq(Hz), Ampt_Trace1(dBm), Ampt_Trace2(dBm), Ampt_Trace3(dBm), Ampt_Trace4(dBm), Ampt_Trace5(dBm), Loc
1, 9000, -21.80, -21.79, -21.80, 0.00, 0.00,(0 0)
2, 1009991, -48.80, -48.78, -48.80, 0.00, 0.00,(0 0)
3, 2010983, -80.22, -79.66, -81.00, 0.00, 0.00,(0 0)
4, 3011975, -80.30, -80.30, -80.68, 0.00, 0.00,(0 0)
5, 4012967, -78.69, -77.82, -78.91, 0.00, 0.00,(0 0)
6, 5013959, -79.70, -79.39, -80.18, 0.00, 0.00,(0 0)
7, 6014951, -79.50, -78.89, -79.96, 0.00, 0.00,(0 0)
8, 7015943, -80.25, -79.76, -80.35, 0.00, 0.00,(0 0)
9, 8016935, -76.66, -76.47, -77.73, 0.00, 0.00,(0 0)
10, 9017927, -67.12, -66.77, -70.30, 0.00, 0.00,(0 0)
11, 10018919, -66.08, -64.57, -66.74, 0.00, 0.00,(0 0)
12, 11019911, -52.77, -49.76, -53.38, 0.00, 0.00,(0 0)
13, 12020903, -53.22, -50.94, -53.26, 0.00, 0.00,(0 0)
14, 13021895, -51.08, -50.91, -52.92, 0.00, 0.00,(0 0)
15, 14022887, -56.06, -56.02, -57.80, 0.00, 0.00,(0 0)
16, 15023879, -58.36, -58.23, -59.83, 0.00, 0.00,(0 0)
17, 16024871, -62.17, -62.17, -63.84, 0.00, 0.00,(0 0)
18, 17025863, -52.93, -52.93, -55.50, 0.00, 0.00,(0 0)
19, 18026855, -59.21, -59.21, -61.69, 0.00, 0.00,(0 0)
20, 19027847, -69.55, -69.35, -70.01, 0.00, 0.00,(0 0)
21, 20028839, -67.81, -66.91, -68.58, 0.00, 0.00,(0 0)
22, 21029831, -62.45, -61.93, -63.29, 0.00, 0.00,(0 0)
23, 22030823, -65.81, -65.62, -66.07, 0.00, 0.00,(0 0)
24, 23031815, -66.82, -66.08, -66.85, 0.00, 0.00,(0 0)
25, 24032807, -65.74, -64.84, -65.74, 0.00, 0.00,(0 0)
26, 25033799, -65.91, -65.88, -67.08, 0.00, 0.00,(0 0)
27, 26034791, -62.07, -58.35, -65.01, 0.00, 0.00,(0 0)
28, 27035783, -63.11, -59.61, -65.22, 0.00, 0.00,(0 0)
29, 28036775, -65.66, -65.60, -66.04, 0.00, 0.00,(0 0)
30, 29037767, -65.43, -65.23, -65.76, 0.00, 0.00,(0 0)
31, 30038759, -65.10, -64.77, -65.48, 0.00, 0.00,(0 0)
32, 31039751, -65.02, -64.86, -65.67, 0.00, 0.00,(0 0)
33, 32040743, -65.23, -64.66, -65.44, 0.00, 0.00,(0 0)
34, 33041735, -65.42, -64.71, -65.63, 0.00, 0.00,(0 0)
35, 34042727, -65.23, -64.78, -65.54, 0.00, 0.00,(0 0)
36, 35043719, -64.81, -64.63, -65.27, 0.00, 0.00,(0 0)
37, 36044711, -64.35, -64.27, -64.57, 0.00, 0.00,(0 0)
38, 37045703, -63.84, -63.29, -63.88, 0.00, 0.00,(0 0)
39, 38046695, -63.67, -63.53, -64.23, 0.00, 0.00,(0 0)
40, 39047687, -63.54, -62.73, -63.89, 0.00, 0.00,(0 0)
41, 40048679, -62.81, -62.52, -63.24, 0.00, 0.00,(0 0)
42, 41049671, -61.03, -60.39, -61.06, 0.00, 0.00,(0 0)
43, 42050663, -60.88, -60.82, -61.33, 0.00, 0.00,(0 0)
44, 43051655, -63.74, -63.43, -63.87, 0.00, 0.00,(0 0)
45, 44052647, -65.79, -65.12, -65.84, 0.00, 0.00,(0 0)
46, 45053639, -66.34, -66.29, -67.58, 0.00, 0.00,(0 0)
47, 46054631, -66.45, -66.01, -66.69, 0.00, 0.00,(0 0)
48, 47055623, -66.27, -66.25, -66.66, 0.00, 0.00,(0 0)
49, 48056615, -65.78, -65.31, -65.84, 0.00, 0.00,(0 0)
50, 49057607, -65.24, -65.22, -65.67, 0.00, 0.00,(0 0)
51, 50058599, -64.79, -63.99, -64.93, 0.00, 0.00,(0 0)
52, 51059591, -64.84, -64.21, -65.17, 0.00, 0.00,(0 0)
53, 52060583, -65.15, -64.26, -65.58, 0.00, 0.00,(0 0)
54, 53061575, -65.24, -65.12, -65.59, 0.00, 0.00,(0 0)
55, 54062567, -64.95, -64.66, -65.00, 0.00, 0.00,(0 0)
56, 55063559, -64.44, -64.22, -65.04, 0.00, 0.00,(0 0)
57, 56064551, -64.02, -63.77, -64.03, 0.00, 0.00,(0 0)
58, 57065543, -63.81, -63.66, -63.90, 0.00, 0.00,(0 0)
59, 58066535, -63.86, -63.06, -63.99, 0.00, 0.00,(0 0)
60, 59067527, -64.11, -63.09, -64.34, 0.00, 0.00,(0 0)
61, 60068519, -63.72, -63.67, -64.21, 0.00, 0.00,(0 0)
62, 61069511, -63.12, -63.09, -63.50, 0.00, 0.00,(0 0)
63, 62070503, -62.13, -61.93, -62.32, 0.00, 0.00,(0 0)
64, 63071495, -62.35, -61.87, -62.79, 0.00, 0.00,(0 0)
65, 64072487, -62.40, -62.28, -62.88, 0.00, 0.00,(0 0)
66, 65073479, -62.33, -62.27, -63.11, 0.00, 0.00,(0 0)
67, 66074471, -61.93, -61.39, -61.96, 0.00, 0.00,(0 0)
68, 67075463, -61.38, -61.26, -61.76, 0.00, 0.00,(0 0)
69, 68076455, -61.06, -61.03, -61.57, 0.00, 0.00,(0 0)
70, 69077447, -60.25, -59.81, -60.25, 0.00, 0.00,(0 0)
71, 70078439, -59.69, -58.90, -59.79, 0.00, 0.00,(0 0)
72, 71079431, -59.40, -59.10, -59.43, 0.00, 0.00,(0 0)
73, 72080423, -59.18, -59.01, -59.37, 0.00, 0.00,(0 0)
74, 73081415, -58.47, -57.76, -59.02, 0.00, 0.00,(0 0)
75, 74082407, -57.31, -57.11, -57.49, 0.00, 0.00,(0 0)
76, 75083399, -55.66, -55.65, -55.85, 0.00, 0.00,(0 0)
77, 76084391, -54.25, -54.08, -54.60, 0.00, 0.00,(0 0)
78, 77085383, -54.23, -53.96, -54.70, 0.00, 0.00,(0 0)
79, 78086375, -56.47, -56.22, -56.67, 0.00, 0.00,(0 0)
80, 79087367, -59.55, -59.48, -59.82, 0.00, 0.00,(0 0)
81, 80088359, -61.96, -61.87, -62.19, 0.00, 0.00,(0 0)
82, 81089351, -63.11, -62.97, -63.49, 0.00, 0.00,(0 0)
83, 82090343, -63.39, -63.11, -63.68, 0.00, 0.00,(0 0)
84, 83091335, -63.52, -63.27, -63.59, 0.00, 0.00,(0 0)
85, 84092327, -63.58, -63.50, -64.33, 0.00, 0.00,(0 0)
86, 85093319, -63.67, -63.20, -64.11, 0.00, 0.00,(0 0)
87, 86094311, -63.68, -63.37, -63.71, 0.00, 0.00,(0 0)
88, 87095303, -63.36, -62.86, -63.41, 0.00, 0.00,(0 0)
89, 88096295, -62.81, -62.51, -63.02, 0.00, 0.00,(0 0)
90, 89097287, -60.99, -60.79, -61.48, 0.00, 0.00,(0 0)
91, 90098279, -55.27, -53.93, -55.49, 0.00, 0.00,(0 0)
92, 91099271, -59.72, -58.98, -59.77, 0.00, 0.00,(0 0)
93, 92100263, -60.74, -59.99, -61.27, 0.00, 0.00,(0 0)
94, 93101255, -55.58, -55.40, -56.52, 0.00, 0.00,(0 0)
95, 94102247, -44.40, -44.23, -45.26, 0.00, 0.00,(0 0)
96, 95103239, -48.84, -48.77, -49.83, 0.00, 0.00,(0 0)
97, 96104231, -58.60, -58.56, -59.19, 0.00, 0.00,(0 0)
98, 97105223, -59.44, -59.05, -59.85, 0.00, 0.00,(0 0)
99, 98106215, -57.38, -55.61, -57.42, 0.00, 0.00,(0 0)
100, 99107207, -41.71, -36.28, -41.93, 0.00, 0.00,(0 0)
101, 100108199, -41.45, -35.20, -41.71, 0.00, 0.00,(0 0)
102, 101109191, -55.11, -52.12, -55.19, 0.00, 0.00,(0 0)
103, 102110183, -52.96, -51.43, -52.97, 0.00, 0.00,(0 0)
104, 103111175, -56.09, -55.41, -56.10, 0.00, 0.00,(0 0)
105, 104112167, -57.71, -57.26, -57.77, 0.00, 0.00,(0 0)
106, 105113159, -57.76, -57.58, -58.45, 0.00, 0.00,(0 0)
107, 106114151, -57.19, -56.56, -57.25, 0.00, 0.00,(0 0)
108, 107115143, -56.58, -56.36, -57.06, 0.00, 0.00,(0 0)
109, 108116135, -55.76, -55.33, -56.00, 0.00, 0.00,(0 0)
110, 109117127, -54.46, -54.45, -55.06, 0.00, 0.00,(0 0)
111, 110118119, -53.06, -52.66, -53.13, 0.00, 0.00,(0 0)
112, 111119111, -51.45, -51.06, -51.55, 0.00, 0.00,(0 0)
113, 112120103, -50.55, -50.13, -51.26, 0.00, 0.00,(0 0)
114, 113121095, -51.17, -50.88, -51.38, 0.00, 0.00,(0 0)
115, 114122087, -53.10, -52.82, -53.23, 0.00, 0.00,(0 0)
116, 115123079, -55.63, -55.24, -55.66, 0.00, 0.00,(0 0)
117, 116124071, -57.64, -57.28, -57.95, 0.00, 0.00,(0 0)
118, 117125063, -58.94, -58.72, -59.69, 0.00, 0.00,(0 0)
119, 118126055, -57.05, -56.17, -61.00, 0.00, 0.00,(0 0)
120, 119127047, -49.30, -49.15, -60.96, 0.00, 0.00,(0 0)
121, 120128039, -48.78, -48.62, -62.47, 0.00, 0.00,(0 0)
122, 121129031, -56.55, -56.49, -62.28, 0.00, 0.00,(0 0)
123, 122130023, -61.56, -61.56, -61.97, 0.00, 0.00,(0 0)
124, 123131015, -61.24, -60.67, -61.24, 0.00, 0.00,(0 0)
125, 124132007, -60.88, -60.66, -61.11, 0.00, 0.00,(0 0)
126, 125132998, -60.62, -60.43, -61.06, 0.00, 0.00,(0 0)
127, 126133990, -60.54, -60.29, -60.62, 0.00, 0.00,(0 0)
128, 127134982, -60.31, -60.16, -60.55, 0.00, 0.00,(0 0)
129, 128135974, -59.89, -59.53, -59.93, 0.00, 0.00,(0 0)
130, 129136966, -59.85, -59.40, -60.10, 0.00, 0.00,(0 0)
131, 130137958, -59.21, -59.15, -59.56, 0.00, 0.00,(0 0)
132, 131138950, -51.32, -43.15, -54.97, 0.00, 0.00,(0 0)
133, 132139942, -48.50, -36.13, -52.84, 0.00, 0.00,(0 0)
134, 133140934, -53.01, -47.05, -55.36, 0.00, 0.00,(0 0)
135, 134141926, -57.69, -57.02, -58.41, 0.00, 0.00,(0 0)
136, 135142918, -57.48, -57.28, -57.54, 0.00, 0.00,(0 0)
137, 136143910, -56.78, -56.58, -56.82, 0.00, 0.00,(0 0)
138, 137144902, -55.93, -55.67, -56.07, 0.00, 0.00,(0 0)
139, 138145894, -54.95, -54.84, -55.16, 0.00, 0.00,(0 0)
140, 139146886, -54.06, -53.96, -54.48, 0.00, 0.00,(0 0)
141, 140147878, -53.26, -53.03, -53.42, 0.00, 0.00,(0 0)
142, 141148870, -52.30, -51.41, -53.12, 0.00, 0.00,(0 0)
143, 142149862, -51.39, -51.31, -51.90, 0.00, 0.00,(0 0)
144, 143150854, -50.40, -50.17, -50.53, 0.00, 0.00,(0 0)
145, 144151846, -49.73, -49.66, -49.95, 0.00, 0.00,(0 0)
146, 145152838, -49.41, -49.38, -49.88, 0.00, 0.00,(0 0)
147, 146153830, -49.91, -49.51, -50.30, 0.00, 0.00,(0 0)
148, 147154822, -50.92, -50.85, -51.28, 0.00, 0.00,(0 0)
149, 148155814, -51.99, -51.63, -52.24, 0.00, 0.00,(0 0)
150, 149156806, -53.17, -52.62, -53.29, 0.00, 0.00,(0 0)
151, 150157798, -54.14, -54.05, -54.48, 0.00, 0.00,(0 0)
152, 151158790, -55.03, -54.47, -55.38, 0.00, 0.00,(0 0)
153, 152159782, -55.99, -55.52, -56.21, 0.00, 0.00,(0 0)
154, 153160774, -56.87, -56.65, -57.26, 0.00, 0.00,(0 0)
155, 154161766, -57.89, -57.43, -57.95, 0.00, 0.00,(0 0)
156, 155162758, -58.49, -58.10, -58.94, 0.00, 0.00,(0 0)
157, 156163750, -58.84, -58.48, -59.38, 0.00, 0.00,(0 0)
158, 157164742, -58.72, -58.07, -58.75, 0.00, 0.00,(0 0)
159, 158165734, -53.07, -51.77, -53.38, 0.00, 0.00,(0 0)
160, 159166726, -49.88, -48.99, -50.48, 0.00, 0.00,(0 0)
161, 160167718, -53.89, -53.20, -55.40, 0.00, 0.00,(0 0)
162, 161168710, -59.15, -58.71, -59.51, 0.00, 0.00,(0 0)
163, 162169702, -59.09, -58.72, -59.33, 0.00, 0.00,(0 0)
164, 163170694, -58.65, -58.60, -58.83, 0.00, 0.00,(0 0)
165, 164171686, -58.20, -57.79, -58.20, 0.00, 0.00,(0 0)
166, 165172678, -57.71, -57.51, -57.90, 0.00, 0.00,(0 0)
167, 166173670, -57.42, -56.86, -57.48, 0.00, 0.00,(0 0)
168, 167174662, -57.23, -57.02, -57.61, 0.00, 0.00,(0 0)
169, 168175654, -56.99, -56.64, -57.27, 0.00, 0.00,(0 0)
170, 169176646, -56.35, -56.22, -56.58, 0.00, 0.00,(0 0)
171, 170177638, -55.54, -55.51, -56.06, 0.00, 0.00,(0 0)
172, 171178630, -54.78, -54.48, -54.88, 0.00, 0.00,(0 0)
173, 172179622, -53.97, -53.54, -54.08, 0.00, 0.00,(0 0)
174, 173180614, -53.31, -52.77, -53.35, 0.00, 0.00,(0 0)
175, 174181606, -52.66, -51.69, -52.98, 0.00, 0.00,(0 0)
176, 175182598, -51.78, -51.27, -51.82, 0.00, 0.00,(0 0)
177, 176183590, -50.88, -50.76, -50.97, 0.00, 0.00,(0 0)
178, 177184582, -49.71, -49.60, -50.02, 0.00, 0.00,(0 0)
179, 178185574, -49.07, -48.19, -49.54, 0.00, 0.00,(0 0)
180, 179186566, -48.98, -48.71, -49.08, 0.00, 0.00,(0 0)
181, 180187558, -49.39, -49.21, -49.64, 0.00, 0.00,(0 0)
182, 181188550, -50.50, -50.06, -50.65, 0.00, 0.00,(0 0)
183, 182189542, -51.60, -51.48, -51.96, 0.00, 0.00,(0 0)
184, 183190534, -52.55, -52.29, -52.74, 0.00, 0.00,(0 0)
185, 184191526, -53.36, -53.35, -53.82, 0.00, 0.00,(0 0)
186, 185192518, -54.18, -54.03, -54.88, 0.00, 0.00,(0 0)
187, 186193510, -55.11, -55.05, -55.48, 0.00, 0.00,(0 0)
188, 187194502, -56.02, -55.59, -56.05, 0.00, 0.00,(0 0)
189, 188195494, -56.83, -56.78, -57.16, 0.00, 0.00,(0 0)
190, 189196486, -57.14, -56.88, -57.25, 0.00, 0.00,(0 0)
191, 190197478, -57.39, -56.88, -57.81, 0.00, 0.00,(0 0)
192, 191198470, -57.63, -57.26, -57.79, 0.00, 0.00,(0 0)
193, 192199462, -57.85, -57.85, -58.09, 0.00, 0.00,(0 0)
194, 193200454, -57.99, -57.70, -58.30, 0.00, 0.00,(0 0)
195, 194201446, -58.28, -57.45, -58.44, 0.00, 0.00,(0 0)
196, 195202438, -58.30, -58.20, -58.72, 0.00, 0.00,(0 0)
197, 196203430, -58.16, -58.10, -58.36, 0.00, 0.00,(0 0)
198, 197204422, -57.93, -57.44, -57.99, 0.00, 0.00,(0 0)
199, 198205414, -57.67, -57.50, -57.82, 0.00, 0.00,(0 0)
200, 199206406, -57.51, -56.92, -57.68, 0.00, 0.00,(0 0)
201, 200207398, -57.45, -57.42, -57.81, 0.00, 0.00,(0 0)
202, 201208390, -57.18, -56.40, -57.19, 0.00, 0.00,(0 0)
203, 202209382, -56.95, -56.74, -57.18, 0.00, 0.00,(0 0)
204, 203210374, -56.54, -55.60, -57.04, 0.00, 0.00,(0 0)
205, 204211366, -55.85, -55.41, -55.86, 0.00, 0.00,(0 0)
206, 205212358, -55.38, -55.15, -55.47, 0.00, 0.00,(0 0)
207, 206213350, -54.93, -54.42, -55.03, 0.00, 0.00,(0 0)
208, 207214342, -54.49, -54.28, -54.67, 0.00, 0.00,(0 0)
209, 208215334, -54.05, -53.11, -54.45, 0.00, 0.00,(0 0)
210, 209216326, -53.40, -53.18, -54.15, 0.00, 0.00,(0 0)
211, 210217318, -52.52, -52.17, -52.86, 0.00, 0.00,(0 0)
212, 211218310, -51.79, -51.78, -52.29, 0.00, 0.00,(0 0)
213, 212219302, -50.94, -50.92, -51.36, 0.00, 0.00,(0 0)
214, 213220294, -50.25, -50.12, -50.39, 0.00, 0.00,(0 0)
215, 214221286, -49.83, -49.73, -50.24, 0.00, 0.00,(0 0)
216, 215222278, -49.65, -49.35, -49.75, 0.00, 0.00,(0 0)
217, 216223270, -49.78, -49.52, -50.24, 0.00, 0.00,(0 0)
218, 217224262, -50.10, -50.10, -50.62, 0.00, 0.00,(0 0)
219, 218225254, -50.60, -50.35, -50.69, 0.00, 0.00,(0 0)
220, 219226246, -51.41, -51.31, -51.53, 0.00, 0.00,(0 0)
221, 220227238, -52.42, -52.21, -52.70, 0.00, 0.00,(0 0)
222, 221228230, -53.41, -53.35, -53.76, 0.00, 0.00,(0 0)
223, 222229222, -54.24, -54.15, -54.83, 0.00, 0.00,(0 0)
224, 223230214, -54.84, -54.59, -54.98, 0.00, 0.00,(0 0)
225, 224231206, -55.32, -55.23, -55.74, 0.00, 0.00,(0 0)
226, 225232198, -55.68, -55.44, -55.93, 0.00, 0.00,(0 0)
227, 226233190, -56.01, -55.94, -56.27, 0.00, 0.00,(0 0)
228, 227234182, -56.25, -55.95, -56.33, 0.00, 0.00,(0 0)
229, 228235174, -56.35, -55.95, -56.40, 0.00, 0.00,(0 0)
230, 229236166, -56.45, -56.10, -56.58, 0.00, 0.00,(0 0)
231, 230237158, -56.38, -56.14, -56.43, 0.00, 0.00,(0 0)
232, 231238150, -56.18, -55.59, -56.23, 0.00, 0.00,(0 0)
233, 232239142, -55.97, -55.54, -56.08, 0.00, 0.00,(0 0)
234, 233240134, -55.84, -55.43, -56.17, 0.00, 0.00,(0 0)
235, 234241126, -55.59, -55.14, -55.72, 0.00, 0.00,(0 0)
236, 235242118, -55.46, -55.20, -56.08, 0.00, 0.00,(0 0)
237, 236243110, -55.19, -55.14, -55.60, 0.00, 0.00,(0 0)
238, 237244102, -55.06, -54.89, -55.33, 0.00, 0.00,(0 0)
239, 238245094, -54.69, -54.46, -54.69, 0.00, 0.00,(0 0)
240, 239246086, -54.34, -54.14, -54.73, 0.00, 0.00,(0 0)
241, 240247078, -53.95, -53.62, -54.24, 0.00, 0.00,(0 0)
242, 241248070, -53.72, -53.54, -53.84, 0.00, 0.00,(0 0)
243, 242249062, -53.30, -52.92, -53.52, 0.00, 0.00,(0 0)
244, 243250054, -48.25, -46.62, -49.45, 0.00, 0.00,(0 0)
245, 244251046, -47.50, -46.38, -48.05, 0.00, 0.00,(0 0)
246, 245252038, -49.99, -49.51, -50.03, 0.00, 0.00,(0 0)
247, 246253030, -50.23, -49.29, -50.59, 0.00, 0.00,(0 0)
248, 247254022, -50.60, -50.58, -50.88, 0.00, 0.00,(0 0)
249, 248255014, -47.77, -47.60, -48.18, 0.00, 0.00,(0 0)
250, 249256006, -45.07, -45.05, -45.95, 0.00, 0.00,(0 0)
251, 250256997, -45.50, -45.41, -45.58, 0.00, 0.00,(0 0)
252, 251257989, -47.15, -46.95, -47.68, 0.00, 0.00,(0 0)
253, 252258981, -48.03, -47.96, -48.42, 0.00, 0.00,(0 0)
254, 253259973, -46.04, -45.96, -46.59, 0.00, 0.00,(0 0)
255, 254260965, -46.85, -46.31, -46.90, 0.00, 0.00,(0 0)
256, 255261957, -48.65, -48.17, -48.74, 0.00, 0.00,(0 0)
257, 256262949, -46.87, -46.50, -46.89, 0.00, 0.00,(0 0)
258, 257263941, -43.95, -43.83, -44.49, 0.00, 0.00,(0 0)
259, 258264933, -46.82, -46.42, -46.88, 0.00, 0.00,(0 0)
260, 259265925, -51.40, -50.85, -51.41, 0.00, 0.00,(0 0)
261, 260266917, -45.26, -44.93, -45.27, 0.00, 0.00,(0 0)
262, 261267909, -43.09, -42.86, -43.27, 0.00, 0.00,(0 0)
263, 262268901, -44.11, -43.82, -44.55, 0.00, 0.00,(0 0)
264, 263269893, -47.06, -46.90, -47.89, 0.00, 0.00,(0 0)
265, 264270885, -48.89, -48.71, -49.12, 0.00, 0.00,(0 0)
266, 265271877, -46.61, -46.49, -46.90, 0.00, 0.00,(0 0)
267, 266272869, -47.82, -47.42, -47.84, 0.00, 0.00,(0 0)
268, 267273861, -47.53, -47.34, -47.63, 0.00, 0.00,(0 0)
269, 268274853, -47.39, -47.11, -47.68, 0.00, 0.00,(0 0)
270, 269275845, -46.24, -45.97, -46.31, 0.00, 0.00,(0 0)
271, 270276837, -49.08, -48.75, -49.08, 0.00, 0.00,(0 0)
272, 271277829, -52.99, -52.97, -53.45, 0.00, 0.00,(0 0)
273, 272278821, -52.65, -52.47, -53.30, 0.00, 0.00,(0 0)
274, 273279813, -52.48, -52.31, -52.95, 0.00, 0.00,(0 0)
275, 274280805, -52.24, -52.22, -52.38, 0.00, 0.00,(0 0)
276, 275281797, -52.35, -52.20, -52.54, 0.00, 0.00,(0 0)
277, 276282789, -52.48, -52.28, -52.53, 0.00, 0.00,(0 0)
278, 277283781, -52.70, -52.35, -52.84, 0.00, 0.00,(0 0)
279, 278284773, -52.69, -52.30, -52.80, 0.00, 0.00,(0 0)
280, 279285765, -50.78, -50.52, -50.81, 0.00, 0.00,(0 0)
281, 280286757, -52.24, -51.87, -52.53, 0.00, 0.00,(0 0)
282, 281287749, -52.42, -52.10, -52.68, 0.00, 0.00,(0 0)
283, 282288741, -53.18, -53.07, -53.52, 0.00, 0.00,(0 0)
284, 283289733, -53.96, -53.03, -53.96, 0.00, 0.00,(0 0)
285, 284290725, -54.47, -54.21, -54.98, 0.00, 0.00,(0 0)
286, 285291717, -54.61, -54.54, -54.74, 0.00, 0.00,(0 0)
287, 286292709, -54.59, -54.32, -54.60, 0.00, 0.00,(0 0)
288, 287293701, -54.63, -54.08, -54.75, 0.00, 0.00,(0 0)
289, 288294693, -54.70, -54.48, -55.18, 0.00, 0.00,(0 0)
290, 289295685, -54.64, -54.33, -54.99, 0.00, 0.00,(0 0)
291, 290296677, -54.66, -54.13, -55.03, 0.00, 0.00,(0 0)
292, 291297669, -54.78, -54.51, -55.12, 0.00, 0.00,(0 0)
293, 292298661, -54.74, -54.23, -54.89, 0.00, 0.00,(0 0)
294, 293299653, -54.55, -54.45, -54.79, 0.00, 0.00,(0 0)
295, 294300645, -54.43, -54.38, -55.19, 0.00, 0.00,(0 0)
296, 295301637, -54.45, -54.17, -54.89, 0.00, 0.00,(0 0)
297, 296302629, -54.51, -54.23, -54.90, 0.00, 0.00,(0 0)
298, 297303621, -54.52, -54.36, -55.22, 0.00, 0.00,(0 0)
299, 298304613, -54.29, -53.93, -54.43, 0.00, 0.00,(0 0)
300, 299305605, -54.17, -53.92, -54.20, 0.00, 0.00,(0 0)
301, 300306597, -53.99, -53.86, -54.54, 0.00, 0.00,(0 0)
302, 301307589, -53.91, -53.61, -54.13, 0.00, 0.00,(0 0)
303, 302308581, -54.11, -53.71, -54.18, 0.00, 0.00,(0 0)
304, 303309573, -54.12, -53.85, -54.50, 0.00, 0.00,(0 0)
305, 304310565, -54.10, -53.89, -54.89, 0.00, 0.00,(0 0)
306, 305311557, -54.06, -53.91, -54.16, 0.00, 0.00,(0 0)
307, 306312549, -53.96, -53.29, -54.11, 0.00, 0.00,(0 0)
308, 307313541, -53.90, -53.73, -54.02, 0.00, 0.00,(0 0)
309, 308314533, -53.96, -53.91, -54.50, 0.00, 0.00,(0 0)
310, 309315525, -54.13, -54.05, -54.82, 0.00, 0.00,(0 0)
311, 310316517, -54.13, -53.93, -54.16, 0.00, 0.00,(0 0)
312, 311317509, -54.07, -54.06, -54.42, 0.00, 0.00,(0 0)
313, 312318501, -53.93, -53.26, -54.05, 0.00, 0.00,(0 0)
314, 313319493, -53.80, -53.36, -53.93, 0.00, 0.00,(0 0)
315, 314320485, -53.70, -53.50, -54.70, 0.00, 0.00,(0 0)
316, 315321477, -53.86, -53.72, -54.02, 0.00, 0.00,(0 0)
317, 316322469, -53.96, -53.56, -54.13, 0.00, 0.00,(0 0)
318, 317323461, -54.16, -53.56, -54.17, 0.00, 0.00,(0 0)
319, 318324453, -54.16, -53.99, -54.47, 0.00, 0.00,(0 0)
320, 319325445, -54.15, -54.00, -54.26, 0.00, 0.00,(0 0)
321, 320326437, -54.21, -54.20, -54.57, 0.00, 0.00,(0 0)
322, 321327429, -54.21, -53.95, -54.28, 0.00, 0.00,(0 0)
323, 322328421, -54.41, -54.03, -54.66, 0.00, 0.00,(0 0)
324, 323329413, -54.53, -54.31, -54.54, 0.00, 0.00,(0 0)
325, 324330405, -54.61, -54.60, -55.07, 0.00, 0.00,(0 0)
326, 325331397, -54.53, -54.24, -55.02, 0.00, 0.00,(0 0)
327, 326332389, -54.49, -54.35, -54.95, 0.00, 0.00,(0 0)
328, 327333381, -54.47, -54.19, -54.95, 0.00, 0.00,(0 0)
329, 328334373, -54.62, -54.58, -55.17, 0.00, 0.00,(0 0)
330, 329335365, -54.86, -54.64, -55.00, 0.00, 0.00,(0 0)
331, 330336357, -55.05, -54.87, -55.43, 0.00, 0.00,(0 0)
332, 331337349, -55.18, -55.16, -55.44, 0.00, 0.00,(0 0)
333, 332338341, -55.26, -54.91, -55.30, 0.00, 0.00,(0 0)
334, 333339333, -55.15, -54.74, -55.24, 0.00, 0.00,(0 0)
335, 334340325, -55.09, -54.92, -55.12, 0.00, 0.00,(0 0)
336, 335341317, -55.01, -54.81, -55.02, 0.00, 0.00,(0 0)
337, 336342309, -55.12, -54.39, -55.33, 0.00, 0.00,(0 0)
338, 337343301, -55.34, -54.60, -55.49, 0.00, 0.00,(0 0)
339, 338344293, -55.36, -54.81, -55.47, 0.00, 0.00,(0 0)
340, 339345285, -55.34, -55.01, -55.62, 0.00, 0.00,(0 0)
341, 340346277, -55.26, -55.16, -55.63, 0.00, 0.00,(0 0)
342, 341347269, -55.51, -55.17, -55.65, 0.00, 0.00,(0 0)
343, 342348261, -55.57, -55.12, -55.74, 0.00, 0.00,(0 0)
344, 343349253, -55.22, -54.87, -55.36, 0.00, 0.00,(0 0)
345, 344350245, -52.30, -51.37, -52.49, 0.00, 0.00,(0 0)
346, 345351237, -54.42, -54.41, -55.31, 0.00, 0.00,(0 0)
347, 346352229, -55.29, -55.09, -56.00, 0.00, 0.00,(0 0)
348, 347353221, -53.62, -52.56, -53.63, 0.00, 0.00,(0 0)
349, 348354213, -50.75, -48.61, -51.20, 0.00, 0.00,(0 0)
350, 349355205, -53.00, -52.13, -53.28, 0.00, 0.00,(0 0)
351, 350356197, -55.08, -54.81, -55.40, 0.00, 0.00,(0 0)
352, 351357189, -55.10, -54.94, -55.63, 0.00, 0.00,(0 0)
353, 352358181, -54.82, -54.62, -55.77, 0.00, 0.00,(0 0)
354, 353359173, -54.72, -54.70, -55.22, 0.00, 0.00,(0 0)
355, 354360165, -54.58, -54.42, -54.84, 0.00, 0.00,(0 0)
356, 355361157, -54.52, -54.23, -54.61, 0.00, 0.00,(0 0)
357, 356362149, -54.54, -54.23, -55.13, 0.00, 0.00,(0 0)
358, 357363141, -54.47, -53.89, -54.62, 0.00, 0.00,(0 0)
359, 358364133, -54.42, -54.02, -54.60, 0.00, 0.00,(0 0)
360, 359365125, -54.19, -54.16, -54.72, 0.00, 0.00,(0 0)
361, 360366117, -51.36, -51.12, -51.84, 0.00, 0.00,(0 0)
362, 361367109, -49.20, -48.45, -49.95, 0.00, 0.00,(0 0)
363, 362368101, -48.91, -48.74, -50.37, 0.00, 0.00,(0 0)
364, 363369093, -48.94, -47.55, -50.09, 0.00, 0.00,(0 0)
365, 364370085, -50.71, -49.01, -50.74, 0.00, 0.00,(0 0)
366, 365371077, -51.01, -50.88, -51.53, 0.00, 0.00,(0 0)
367, 366372069, -48.92, -48.41, -49.20, 0.00, 0.00,(0 0)
368, 367373061, -48.56, -48.52, -48.92, 0.00, 0.00,(0 0)
369, 368374053, -48.98, -48.83, -49.92, 0.00, 0.00,(0 0)
370, 369375045, -50.99, -50.67, -51.22, 0.00, 0.00,(0 0)
371, 370376037, -51.20, -51.08, -52.70, 0.00, 0.00,(0 0)
372, 371377029, -48.84, -48.69, -49.35, 0.00, 0.00,(0 0)
373, 372378021, -48.66, -48.26, -48.84, 0.00, 0.00,(0 0)
374, 373379013, -48.65, -48.32, -49.06, 0.00, 0.00,(0 0)
375, 374380005, -50.92, -50.92, -52.39, 0.00, 0.00,(0 0)
376, 375380996, -51.31, -50.05, -51.57, 0.00, 0.00,(0 0)
377, 376381988, -49.25, -49.01, -49.72, 0.00, 0.00,(0 0)
378, 377382980, -49.51, -49.07, -49.64, 0.00, 0.00,(0 0)
379, 378383972, -50.06, -49.12, -50.65, 0.00, 0.00,(0 0)
380, 379384964, -52.26, -52.17, -53.79, 0.00, 0.00,(0 0)
381, 380385956, -55.29, -55.27, -55.68, 0.00, 0.00,(0 0)
382, 381386948, -55.38, -55.13, -55.68, 0.00, 0.00,(0 0)
383, 382387940, -55.49, -55.15, -55.50, 0.00, 0.00,(0 0)
384, 383388932, -55.58, -55.26, -55.68, 0.00, 0.00,(0 0)
385, 384389924, -55.70, -55.35, -55.97, 0.00, 0.00,(0 0)
386, 385390916, -55.61, -55.19, -55.64, 0.00, 0.00,(0 0)
387, 386391908, -55.73, -54.78, -55.78, 0.00, 0.00,(0 0)
388, 387392900, -55.63, -55.53, -55.93, 0.00, 0.00,(0 0)
389, 388393892, -55.65, -55.30, -55.72, 0.00, 0.00,(0 0)
390, 389394884, -55.85, -55.60, -56.60, 0.00, 0.00,(0 0)
391, 390395876, -55.98, -55.55, -56.02, 0.00, 0.00,(0 0)
392, 391396868, -55.96, -55.87, -56.56, 0.00, 0.00,(0 0)
393, 392397860, -56.00, -55.67, -56.39, 0.00, 0.00,(0 0)
394, 393398852, -55.95, -55.07, -56.23, 0.00, 0.00,(0 0)
395, 394399844, -55.92, -55.85, -56.27, 0.00, 0.00,(0 0)
396, 395400836, -55.98, -55.03, -56.19, 0.00, 0.00,(0 0)
397, 396401828, -55.98, -55.88, -56.30, 0.00, 0.00,(0 0)
398, 397402820, -56.05, -55.94, -56.22, 0.00, 0.00,(0 0)
399, 398403812, -56.13, -55.08, -56.17, 0.00, 0.00,(0 0)
400, 399404804, -55.98, -54.84, -55.98, 0.00, 0.00,(0 0)
401, 400405796, -55.81, -54.38, -55.81, 0.00, 0.00,(0 0)
402, 401406788, -55.61, -55.17, -56.31, 0.00, 0.00,(0 0)
403, 402407780, -55.60, -55.56, -56.11, 0.00, 0.00,(0 0)
404, 403408772, -55.57, -55.32, -55.83, 0.00, 0.00,(0 0)
405, 404409764, -55.62, -55.43, -56.28, 0.00, 0.00,(0 0)
406, 405410756, -55.54, -55.45, -55.78, 0.00, 0.00,(0 0)
407, 406411748, -55.43, -54.91, -55.63, 0.00, 0.00,(0 0)
408, 407412740, -54.44, -50.86, -55.18, 0.00, 0.00,(0 0)
409, 408413732, -50.10, -41.67, -54.66, 0.00, 0.00,(0 0)
410, 409414724, -50.34, -41.77, -53.39, 0.00, 0.00,(0 0)
411, 410415716, -54.22, -51.74, -54.83, 0.00, 0.00,(0 0)
412, 411416708, -54.83, -54.69, -55.04, 0.00, 0.00,(0 0)
413, 412417700, -54.75, -54.09, -55.29, 0.00, 0.00,(0 0)
414, 413418692, -54.63, -54.36, -55.46, 0.00, 0.00,(0 0)
415, 414419684, -54.65, -54.22, -55.46, 0.00, 0.00,(0 0)
416, 415420676, -54.57, -54.23, -54.57, 0.00, 0.00,(0 0)
417, 416421668, -54.67, -54.55, -54.82, 0.00, 0.00,(0 0)
418, 417422660, -54.76, -54.35, -55.00, 0.00, 0.00,(0 0)
419, 418423652, -54.98, -54.69, -55.11, 0.00, 0.00,(0 0)
420, 419424644, -54.97, -54.67, -55.31, 0.00, 0.00,(0 0)
421, 420425636, -55.03, -54.49, -55.20, 0.00, 0.00,(0 0)
422, 421426628, -55.09, -54.60, -55.38, 0.00, 0.00,(0 0)
423, 422427620, -55.37, -55.31, -55.91, 0.00, 0.00,(0 0)
424, 423428612, -55.58, -55.46, -55.88, 0.00, 0.00,(0 0)
425, 424429604, -55.76, -55.15, -56.09, 0.00, 0.00,(0 0)
426, 425430596, -55.92, -55.84, -56.01, 0.00, 0.00,(0 0)
427, 426431588, -55.98, -55.83, -56.70, 0.00, 0.00,(0 0)
428, 427432580, -56.14, -55.58, -56.60, 0.00, 0.00,(0 0)
429, 428433572, -56.20, -55.69, -56.20, 0.00, 0.00,(0 0)
430, 429434564, -56.31, -55.93, -56.53, 0.00, 0.00,(0 0)
431, 430435556, -56.40, -56.04, -56.45, 0.00, 0.00,(0 0)
432, 431436548, -56.55, -56.51, -56.97, 0.00, 0.00,(0 0)
433, 432437540, -56.54, -56.45, -56.64, 0.00, 0.00,(0 0)
434, 433438532, -56.52, -56.26, -56.97, 0.00, 0.00,(0 0)
435, 434439524, -56.46, -56.25, -56.75, 0.00, 0.00,(0 0)
436, 435440516, -56.45, -56.22, -56.67, 0.00, 0.00,(0 0)
437, 436441508, -56.41, -55.84, -56.54, 0.00, 0.00,(0 0)
438, 437442500, -56.50, -56.16, -56.55, 0.00, 0.00,(0 0)
439, 438443492, -56.53, -56.06, -57.00, 0.00, 0.00,(0 0)
440, 439444484, -56.54, -56.19, -56.71, 0.00, 0.00,(0 0)
441, 440445476, -56.24, -55.84, -56.41, 0.00, 0.00,(0 0)
442, 441446468, -56.21, -56.09, -57.51, 0.00, 0.00,(0 0)
443, 442447460, -56.13, -56.03, -56.46, 0.00, 0.00,(0 0)
444, 443448452, -56.14, -55.87, -56.14, 0.00, 0.00,(0 0)
445, 444449444, -56.24, -56.10, -56.36, 0.00, 0.00,(0 0)
446, 445450436, -56.14, -55.90, -56.22, 0.00, 0.00,(0 0)
447, 446451428, -56.03, -55.62, -56.05, 0.00, 0.00,(0 0)
448, 447452420, -55.81, -55.60, -56.23, 0.00, 0.00,(0 0)
449, 448453412, -55.68, -55.55, -56.51, 0.00, 0.00,(0 0)
450, 449454404, -55.58, -55.22, -56.06, 0.00, 0.00,(0 0)
451, 450455396, -55.67, -55.54, -56.07, 0.00, 0.00,(0 0)
452, 451456388, -55.72, -55.13, -55.95, 0.00, 0.00,(0 0)
453, 452457380, -55.69, -55.44, -55.84, 0.00, 0.00,(0 0)
454, 453458372, -55.66, -55.23, -56.19, 0.00, 0.00,(0 0)
455, 454459364, -55.42, -55.41, -56.29, 0.00, 0.00,(0 0)
456, 455460356, -55.40, -54.99, -55.78, 0.00, 0.00,(0 0)
457, 456461348, -55.80, -55.42, -55.84, 0.00, 0.00,(0 0)
458, 457462340, -56.02, -55.67, -56.90, 0.00, 0.00,(0 0)
459, 458463332, -56.13, -56.10, -56.73, 0.00, 0.00,(0 0)
460, 459464324, -56.13, -56.05, -56.80, 0.00, 0.00,(0 0)
461, 460465316, -56.21, -56.01, -56.65, 0.00, 0.00,(0 0)
462, 461466308, -56.04, -55.64, -56.44, 0.00, 0.00,(0 0)
463, 462467300, -56.11, -56.02, -56.41, 0.00, 0.00,(0 0)
464, 463468292, -56.21, -55.76, -56.43, 0.00, 0.00,(0 0)
465, 464469284, -56.30, -56.29, -56.86, 0.00, 0.00,(0 0)
466, 465470276, -56.25, -55.93, -56.28, 0.00, 0.00,(0 0)
467, 466471268, -56.34, -56.11, -56.59, 0.00, 0.00,(0 0)
468, 467472260, -56.34, -56.16, -56.74, 0.00, 0.00,(0 0)
469, 468473252, -56.41, -56.15, -56.42, 0.00, 0.00,(0 0)
470, 469474244, -56.46, -54.77, -56.69, 0.00, 0.00,(0 0)
471, 470475236, -55.38, -55.38, -56.70, 0.00, 0.00,(0 0)
472, 471476228, -53.53, -53.53, -55.91, 0.00, 0.00,(0 0)
473, 472477220, -56.54, -56.37, -56.72, 0.00, 0.00,(0 0)
474, 473478212, -57.04, -56.90, -57.28, 0.00, 0.00,(0 0)
475, 474479204, -57.01, -56.57, -57.07, 0.00, 0.00,(0 0)
476, 475480196, -57.04, -56.63, -57.06, 0.00, 0.00,(0 0)
477, 476481188, -55.91, -54.03, -55.91, 0.00, 0.00,(0 0)
478, 477482180, -56.69, -55.91, -56.69, 0.00, 0.00,(0 0)
479, 478483172, -57.50, -57.13, -57.81, 0.00, 0.00,(0 0)
480, 479484164, -57.45, -57.33, -57.51, 0.00, 0.00,(0 0)
481, 480485156, -57.58, -56.94, -57.59, 0.00, 0.00,(0 0)
482, 481486148, -57.41, -57.30, -57.61, 0.00, 0.00,(0 0)
483, 482487140, -57.28, -56.93, -57.30, 0.00, 0.00,(0 0)
484, 483488132, -55.92, -55.62, -56.14, 0.00, 0.00,(0 0)
485, 484489124, -56.76, -56.36, -57.05, 0.00, 0.00,(0 0)
486, 485490116, -57.47, -57.09, -57.55, 0.00, 0.00,(0 0)
487, 486491108, -57.32, -56.91, -57.41, 0.00, 0.00,(0 0)
488, 487492100, -57.24, -57.21, -57.47, 0.00, 0.00,(0 0)
489, 488493092, -57.16, -56.94, -57.70, 0.00, 0.00,(0 0)
490, 489494084, -57.23, -56.95, -57.36, 0.00, 0.00,(0 0)
491, 490495076, -57.44, -56.98, -57.71, 0.00, 0.00,(0 0)
492, 491496068, -57.64, -56.90, -58.00, 0.00, 0.00,(0 0)
493, 492497060, -57.75, -57.45, -57.77, 0.00, 0.00,(0 0)
494, 493498052, -57.75, -57.73, -58.07, 0.00, 0.00,(0 0)
495, 494499044, -57.73, -57.58, -58.17, 0.00, 0.00,(0 0)
496, 495500036, -57.77, -57.40, -57.99, 0.00, 0.00,(0 0)
497, 496501028, -57.77, -57.60, -57.98, 0.00, 0.00,(0 0)
498, 497502020, -57.86, -57.49, -57.88, 0.00, 0.00,(0 0)
499, 498503012, -57.85, -57.41, -57.88, 0.00, 0.00,(0 0)
500, 499504004, -57.73, -57.56, -58.06, 0.00, 0.00,(0 0)
501, 500504995, -57.52, -57.49, -58.51, 0.00, 0.00,(0 0)
502, 501505987, -49.14, -47.90, -49.15, 0.00, 0.00,(0 0)
503, 502506979, -40.87, -40.02, -41.47, 0.00, 0.00,(0 0)
504, 503507971, -40.45, -39.82, -41.00, 0.00, 0.00,(0 0)
505, 504508963, -40.43, -39.27, -40.44, 0.00, 0.00,(0 0)
506, 505509955, -39.58, -38.81, -39.62, 0.00, 0.00,(0 0)
507, 506510947, -39.22, -38.79, -39.28, 0.00, 0.00,(0 0)
508, 507511939, -38.68, -37.98, -38.96, 0.00, 0.00,(0 0)
509, 508512931, -39.77, -39.38, -39.98, 0.00, 0.00,(0 0)
510, 509513923, -36.56, -34.89, -37.82, 0.00, 0.00,(0 0)
511, 510514915, -27.76, -27.38, -28.12, 0.00, 0.00,(0 0)
512, 511515907, -26.03, -25.70, -26.22, 0.00, 0.00,(0 0)
513, 512516899, -26.25, -25.92, -26.26, 0.00, 0.00,(0 0)
514, 513517891, -26.08, -25.78, -26.09, 0.00, 0.00,(0 0)
515, 514518883, -25.76, -25.50, -25.97, 0.00, 0.00,(0 0)
516, 515519875, -25.80, -25.71, -26.60, 0.00, 0.00,(0 0)
517, 516520867, -25.74, -25.69, -26.45, 0.00, 0.00,(0 0)
518, 517521859, -27.93, -27.71, -28.69, 0.00, 0.00,(0 0)
519, 518522851, -37.33, -37.31, -38.88, 0.00, 0.00,(0 0)
520, 519523843, -48.91, -48.46, -49.36, 0.00, 0.00,(0 0)
521, 520524835, -47.44, -47.37, -47.97, 0.00, 0.00,(0 0)
522, 521525827, -46.60, -46.59, -47.05, 0.00, 0.00,(0 0)
523, 522526819, -46.56, -46.29, -46.69, 0.00, 0.00,(0 0)
524, 523527811, -46.85, -45.96, -47.26, 0.00, 0.00,(0 0)
525, 524528803, -47.97, -47.19, -48.11, 0.00, 0.00,(0 0)
526, 525529795, -50.11, -49.92, -50.76, 0.00, 0.00,(0 0)
527, 526530787, -56.67, -55.91, -56.76, 0.00, 0.00,(0 0)
528, 527531779, -58.48, -58.27, -58.66, 0.00, 0.00,(0 0)
529, 528532771, -58.48, -57.79, -58.62, 0.00, 0.00,(0 0)
530, 529533763, -58.57, -57.74, -58.58, 0.00, 0.00,(0 0)
531, 530534755, -58.68, -58.53, -58.99, 0.00, 0.00,(0 0)
532, 531535747, -58.75, -58.09, -58.85, 0.00, 0.00,(0 0)
533, 532536739, -58.82, -58.24, -58.85, 0.00, 0.00,(0 0)
534, 533537731, -58.74, -58.27, -58.80, 0.00, 0.00,(0 0)
535, 534538723, -58.60, -58.39, -59.10, 0.00, 0.00,(0 0)
536, 535539715, -58.54, -58.21, -58.61, 0.00, 0.00,(0 0)
537, 536540707, -58.62, -58.60, -59.33, 0.00, 0.00,(0 0)
538, 537541699, -58.71, -58.37, -59.42, 0.00, 0.00,(0 0)
539, 538542691, -58.64, -58.58, -58.92, 0.00, 0.00,(0 0)
540, 539543683, -58.65, -58.36, -58.83, 0.00, 0.00,(0 0)
541, 540544675, -58.47, -58.37, -58.66, 0.00, 0.00,(0 0)
542, 541545667, -58.44, -58.36, -58.91, 0.00, 0.00,(0 0)
543, 542546659, -58.39, -58.15, -58.61, 0.00, 0.00,(0 0)
544, 543547651, -58.43, -58.19, -59.05, 0.00, 0.00,(0 0)
545, 544548643, -58.43, -58.25, -58.66, 0.00, 0.00,(0 0)
546, 545549635, -58.43, -58.38, -58.74, 0.00, 0.00,(0 0)
547, 546550627, -58.39, -58.26, -58.60, 0.00, 0.00,(0 0)
548, 547551619, -58.28, -58.10, -58.64, 0.00, 0.00,(0 0)
549, 548552611, -58.19, -57.82, -58.31, 0.00, 0.00,(0 0)
550, 549553603, -58.06, -58.00, -58.61, 0.00, 0.00,(0 0)
551, 550554595, -58.11, -57.65, -58.15, 0.00, 0.00,(0 0)
552, 551555587, -58.25, -58.01, -58.32, 0.00, 0.00,(0 0)
553, 552556579, -58.20, -57.86, -58.70, 0.00, 0.00,(0 0)
554, 553557571, -58.07, -57.93, -58.41, 0.00, 0.00,(0 0)
555, 554558563, -58.09, -57.87, -58.32, 0.00, 0.00,(0 0)
556, 555559555, -58.09, -57.67, -58.50, 0.00, 0.00,(0 0)
557, 556560547, -58.06, -57.92, -58.22, 0.00, 0.00,(0 0)
558, 557561539, -58.09, -57.56, -58.17, 0.00, 0.00,(0 0)
559, 558562531, -58.18, -58.16, -58.45, 0.00, 0.00,(0 0)
560, 559563523, -58.23, -58.03, -58.61, 0.00, 0.00,(0 0)
561, 560564515, -58.25, -58.24, -58.64, 0.00, 0.00,(0 0)
562, 561565507, -58.20, -57.80, -58.25, 0.00, 0.00,(0 0)
563, 562566499, -58.25, -58.07, -58.39, 0.00, 0.00,(0 0)
564, 563567491, -58.26, -58.07, -58.81, 0.00, 0.00,(0 0)
565, 564568483, -58.28, -57.93, -58.28, 0.00, 0.00,(0 0)
566, 565569475, -58.44, -58.27, -58.80, 0.00, 0.00,(0 0)
567, 566570467, -58.37, -58.27, -58.66, 0.00, 0.00,(0 0)
568, 567571459, -58.35, -58.13, -58.73, 0.00, 0.00,(0 0)
569, 568572451, -58.37, -58.01, -58.68, 0.00, 0.00,(0 0)
570, 569573443, -58.37, -58.13, -58.52, 0.00, 0.00,(0 0)
571, 570574435, -58.51, -58.21, -58.70, 0.00, 0.00,(0 0)
572, 571575427, -58.70, -58.58, -59.25, 0.00, 0.00,(0 0)
573, 572576419, -58.76, -58.56, -59.04, 0.00, 0.00,(0 0)
574, 573577411, -58.74, -58.27, -58.78, 0.00, 0.00,(0 0)
575, 574578403, -58.77, -58.54, -58.89, 0.00, 0.00,(0 0)
576, 575579395, -58.66, -58.37, -58.69, 0.00, 0.00,(0 0)
577, 576580387, -58.82, -58.66, -59.77, 0.00, 0.00,(0 0)
578, 577581379, -58.91, -58.86, -59.33, 0.00, 0.00,(0 0)
579, 578582371, -58.91, -58.69, -59.17, 0.00, 0.00,(0 0)
580, 579583363, -59.03, -59.03, -59.54, 0.00, 0.00,(0 0)
581, 580584355, -59.07, -58.58, -59.39, 0.00, 0.00,(0 0)
582, 581585347, -59.08, -58.91, -59.26, 0.00, 0.00,(0 0)
583, 582586339, -59.16, -58.29, -59.49, 0.00, 0.00,(0 0)
584, 583587331, -59.18, -58.84, -59.19, 0.00, 0.00,(0 0)
585, 584588323, -59.19, -59.15, -59.54, 0.00, 0.00,(0 0)
586, 585589315, -59.27, -59.18, -59.42, 0.00, 0.00,(0 0)
587, 586590307, -59.30, -59.30, -59.76, 0.00, 0.00,(0 0)
588, 587591299, -59.27, -59.00, -59.32, 0.00, 0.00,(0 0)
589, 588592291, -59.18, -59.03, -59.64, 0.00, 0.00,(0 0)
590, 589593283, -45.26, -44.66, -45.38, 0.00, 0.00,(0 0)
591, 590594275, -34.77, -34.27, -35.10, 0.00, 0.00,(0 0)
592, 591595267, -32.54, -32.18, -32.74, 0.00, 0.00,(0 0)
593, 592596259, -32.48, -32.07, -32.75, 0.00, 0.00,(0 0)
594, 593597251, -32.60, -32.40, -33.36, 0.00, 0.00,(0 0)
595, 594598243, -32.25, -31.93, -32.59, 0.00, 0.00,(0 0)
596, 595599235, -32.37, -32.22, -32.68, 0.00, 0.00,(0 0)
597, 596600227, -32.30, -31.70, -32.38, 0.00, 0.00,(0 0)
598, 597601219, -33.25, -32.05, -33.38, 0.00, 0.00,(0 0)
599, 598602211, -42.18, -41.96, -43.31, 0.00, 0.00,(0 0)
600, 599603203, -58.58, -57.69, -58.81, 0.00, 0.00,(0 0)
601, 600604195, -58.87, -58.52, -59.20, 0.00, 0.00,(0 0)
602, 601605187, -58.83, -58.81, -59.25, 0.00, 0.00,(0 0)
603, 602606179, -58.67, -58.10, -58.98, 0.00, 0.00,(0 0)
604, 603607171, -58.56, -58.54, -58.86, 0.00, 0.00,(0 0)
605, 604608163, -58.61, -58.45, -58.93, 0.00, 0.00,(0 0)
606, 605609155, -58.66, -58.51, -58.70, 0.00, 0.00,(0 0)
607, 606610147, -58.72, -58.55, -58.95, 0.00, 0.00,(0 0)
608, 607611139, -58.57, -58.52, -58.78, 0.00, 0.00,(0 0)
609, 608612131, -58.50, -58.44, -58.95, 0.00, 0.00,(0 0)
610, 609613123, -58.48, -58.26, -59.13, 0.00, 0.00,(0 0)
611, 610614115, -58.45, -57.84, -58.59, 0.00, 0.00,(0 0)
612, 611615107, -58.56, -58.21, -59.36, 0.00, 0.00,(0 0)
613, 612616099, -58.66, -58.26, -58.86, 0.00, 0.00,(0 0)
614, 613617091, -58.65, -58.50, -59.15, 0.00, 0.00,(0 0)
615, 614618083, -58.71, -58.36, -59.11, 0.00, 0.00,(0 0)
616, 615619075, -58.67, -58.15, -58.75, 0.00, 0.00,(0 0)
617, 616620067, -58.72, -58.60, -59.14, 0.00, 0.00,(0 0)
618, 617621059, -58.81, -58.59, -59.15, 0.00, 0.00,(0 0)
619, 618622051, -59.02, -58.66, -59.05, 0.00, 0.00,(0 0)
620, 619623043, -59.12, -59.03, -59.32, 0.00, 0.00,(0 0)
621, 620624035, -59.21, -59.02, -59.39, 0.00, 0.00,(0 0)
622, 621625027, -59.31, -58.91, -59.36, 0.00, 0.00,(0 0)
623, 622626019, -59.34, -59.26, -59.48, 0.00, 0.00,(0 0)
624, 623627011, -59.37, -59.21, -59.62, 0.00, 0.00,(0 0)
625, 624628003, -59.41, -59.22, -59.85, 0.00, 0.00,(0 0)
626, 625628994, -59.52, -59.39, -59.82, 0.00, 0.00,(0 0)
627, 626629986, -59.68, -59.11, -59.86, 0.00, 0.00,(0 0)
628, 627630978, -59.73, -59.33, -60.04, 0.00, 0.00,(0 0)
629, 628631970, -59.80, -59.80, -60.45, 0.00, 0.00,(0 0)
630, 629632962, -59.67, -59.00, -59.70, 0.00, 0.00,(0 0)
631, 630633954, -59.55, -59.39, -59.70, 0.00, 0.00,(0 0)
632, 631634946, -59.65, -59.46, -59.79, 0.00, 0.00,(0 0)
633, 632635938, -59.74, -59.39, -59.74, 0.00, 0.00,(0 0)
634, 633636930, -59.80, -59.34, -59.82, 0.00, 0.00,(0 0)
635, 634637922, -59.78, -59.43, -59.90, 0.00, 0.00,(0 0)
636, 635638914, -59.78, -59.64, -59.98, 0.00, 0.00,(0 0)
637, 636639906, -59.61, -59.41, -59.91, 0.00, 0.00,(0 0)
638, 637640898, -59.43, -59.00, -59.43, 0.00, 0.00,(0 0)
639, 638641890, -59.31, -59.17, -59.44, 0.00, 0.00,(0 0)
640, 639642882, -59.28, -58.41, -59.28, 0.00, 0.00,(0 0)
641, 640643874, -59.30, -59.26, -59.47, 0.00, 0.00,(0 0)
642, 641644866, -59.17, -59.11, -59.78, 0.00, 0.00,(0 0)
643, 642645858, -59.05, -58.74, -59.06, 0.00, 0.00,(0 0)
644, 643646850, -58.86, -58.56, -59.03, 0.00, 0.00,(0 0)
645, 644647842, -58.67, -58.09, -58.75, 0.00, 0.00,(0 0)
646, 645648834, -58.72, -58.64, -59.22, 0.00, 0.00,(0 0)
647, 646649826, -58.77, -58.47, -59.02, 0.00, 0.00,(0 0)
648, 647650818, -58.78, -58.43, -59.01, 0.00, 0.00,(0 0)
649, 648651810, -58.69, -58.62, -58.86, 0.00, 0.00,(0 0)
650, 649652802, -58.23, -58.11, -58.42, 0.00, 0.00,(0 0)
651, 650653794, -58.17, -57.76, -58.17, 0.00, 0.00,(0 0)
652, 651654786, -58.51, -58.28, -58.70, 0.00, 0.00,(0 0)
653, 652655778, -58.72, -58.44, -59.14, 0.00, 0.00,(0 0)
654, 653656770, -58.77, -58.71, -59.16, 0.00, 0.00,(0 0)
655, 654657762, -58.84, -58.66, -59.00, 0.00, 0.00,(0 0)
656, 655658754, -58.87, -58.70, -58.95, 0.00, 0.00,(0 0)
657, 656659746, -58.80, -58.50, -58.83, 0.00, 0.00,(0 0)
658, 657660738, -58.72, -58.25, -59.13, 0.00, 0.00,(0 0)
659, 658661730, -58.70, -58.00, -59.01, 0.00, 0.00,(0 0)
660, 659662722, -58.79, -58.19, -58.81, 0.00, 0.00,(0 0)
661, 660663714, -58.87, -58.52, -59.02, 0.00, 0.00,(0 0)
662, 661664706, -59.04, -58.98, -59.41, 0.00, 0.00,(0 0)
663, 662665698, -59.04, -58.88, -59.23, 0.00, 0.00,(0 0)
664, 663666690, -58.98, -58.38, -59.47, 0.00, 0.00,(0 0)
665, 664667682, -58.95, -58.55, -59.38, 0.00, 0.00,(0 0)
666, 665668674, -59.14, -58.58, -59.21, 0.00, 0.00,(0 0)
667, 666669666, -59.35, -59.30, -59.79, 0.00, 0.00,(0 0)
668, 667670658, -59.44, -59.21, -59.49, 0.00, 0.00,(0 0)
669, 668671650, -59.68, -59.27, -60.52, 0.00, 0.00,(0 0)
670, 669672642, -57.61, -57.47, -59.35, 0.00, 0.00,(0 0)
671, 670673634, -57.22, -57.09, -59.52, 0.00, 0.00,(0 0)
672, 671674626, -59.58, -59.36, -59.84, 0.00, 0.00,(0 0)
673, 672675618, -59.75, -59.33, -60.46, 0.00, 0.00,(0 0)
674, 673676610, -60.08, -59.89, -60.15, 0.00, 0.00,(0 0)
675, 674677602, -60.20, -60.15, -60.87, 0.00, 0.00,(0 0)
676, 675678594, -60.18, -59.76, -60.40, 0.00, 0.00,(0 0)
677, 676679586, -60.24, -59.99, -60.97, 0.00, 0.00,(0 0)
678, 677680578, -60.18, -60.00, -60.43, 0.00, 0.00,(0 0)
679, 678681570, -60.28, -59.56, -60.76, 0.00, 0.00,(0 0)
680, 679682562, -60.32, -60.26, -60.53, 0.00, 0.00,(0 0)
681, 680683554, -60.50, -60.32, -60.73, 0.00, 0.00,(0 0)
682, 681684546, -60.64, -60.09, -61.04, 0.00, 0.00,(0 0)
683, 682685538, -60.57, -60.44, -60.99, 0.00, 0.00,(0 0)
684, 683686530, -60.47, -60.37, -61.10, 0.00, 0.00,(0 0)
685, 684687522, -60.34, -60.10, -60.63, 0.00, 0.00,(0 0)
686, 685688514, -60.44, -60.20, -60.97, 0.00, 0.00,(0 0)
687, 686689506, -60.52, -60.39, -60.70, 0.00, 0.00,(0 0)
688, 687690498, -60.58, -60.41, -61.02, 0.00, 0.00,(0 0)
689, 688691490, -60.66, -60.42, -60.73, 0.00, 0.00,(0 0)
690, 689692482, -60.48, -60.24, -60.64, 0.00, 0.00,(0 0)
691, 690693474, -60.33, -60.26, -60.48, 0.00, 0.00,(0 0)
692, 691694466, -60.22, -60.18, -60.72, 0.00, 0.00,(0 0)
693, 692695458, -60.26, -60.22, -60.82, 0.00, 0.00,(0 0)
694, 693696450, -60.26, -60.23, -60.53, 0.00, 0.00,(0 0)
695, 694697442, -60.27, -59.68, -60.38, 0.00, 0.00,(0 0)
696, 695698434, -60.23, -59.62, -60.55, 0.00, 0.00,(0 0)
697, 696699426, -60.21, -59.75, -60.21, 0.00, 0.00,(0 0)
698, 697700418, -60.05, -59.91, -60.54, 0.00, 0.00,(0 0)
699, 698701410, -60.02, -59.79, -60.13, 0.00, 0.00,(0 0)
700, 699702402, -59.93, -59.41, -60.02, 0.00, 0.00,(0 0)
701, 700703394, -59.97, -59.86, -60.46, 0.00, 0.00,(0 0)
702, 701704386, -60.12, -59.78, -60.29, 0.00, 0.00,(0 0)
703, 702705378, -60.13, -59.53, -60.26, 0.00, 0.00,(0 0)
704, 703706370, -60.05, -59.72, -60.14, 0.00, 0.00,(0 0)
705, 704707362, -59.95, -59.85, -60.22, 0.00, 0.00,(0 0)
706, 705708354, -59.90, -59.80, -60.26, 0.00, 0.00,(0 0)
707, 706709346, -60.00, -59.85, -60.24, 0.00, 0.00,(0 0)
708, 707710338, -60.07, -59.89, -60.67, 0.00, 0.00,(0 0)
709, 708711330, -60.19, -59.87, -60.63, 0.00, 0.00,(0 0)
710, 709712322, -60.17, -60.03, -60.39, 0.00, 0.00,(0 0)
711, 710713314, -60.08, -59.99, -60.28, 0.00, 0.00,(0 0)
712, 711714306, -60.04, -59.65, -60.19, 0.00, 0.00,(0 0)
713, 712715298, -59.94, -59.49, -60.08, 0.00, 0.00,(0 0)
714, 713716290, -59.97, -59.86, -60.06, 0.00, 0.00,(0 0)
715, 714717282, -59.75, -59.43, -59.75, 0.00, 0.00,(0 0)
716, 715718274, -59.75, -59.22, -59.75, 0.00, 0.00,(0 0)
717, 716719266, -60.17, -59.79, -60.71, 0.00, 0.00,(0 0)
718, 717720258, -60.25, -59.95, -60.40, 0.00, 0.00,(0 0)
719, 718721250, -60.18, -59.88, -60.47, 0.00, 0.00,(0 0)
720, 719722242, -59.51, -59.51, -60.50, 0.00, 0.00,(0 0)
721, 720723234, -59.41, -59.06, -59.91, 0.00, 0.00,(0 0)
722, 721724226, -60.39, -60.20, -60.49, 0.00, 0.00,(0 0)
723, 722725218, -60.50, -60.46, -60.86, 0.00, 0.00,(0 0)
724, 723726210, -60.51, -60.44, -60.88, 0.00, 0.00,(0 0)
725, 724727202, -60.41, -60.26, -60.97, 0.00, 0.00,(0 0)
726, 725728194, -60.48, -60.38, -60.79, 0.00, 0.00,(0 0)
727, 726729186, -60.57, -60.17, -60.72, 0.00, 0.00,(0 0)
728, 727730178, -60.66, -60.49, -61.22, 0.00, 0.00,(0 0)
729, 728731170, -60.81, -60.55, -60.88, 0.00, 0.00,(0 0)
730, 729732162, -60.82, -60.52, -61.00, 0.00, 0.00,(0 0)
731, 730733154, -60.92, -60.70, -61.26, 0.00, 0.00,(0 0)
732, 731734146, -60.76, -60.72, -61.40, 0.00, 0.00,(0 0)
733, 732735138, -60.80, -60.51, -61.29, 0.00, 0.00,(0 0)
734, 733736130, -60.88, -60.76, -61.01, 0.00, 0.00,(0 0)
735, 734737122, -60.90, -60.27, -61.17, 0.00, 0.00,(0 0)
736, 735738114, -60.99, -60.92, -61.55, 0.00, 0.00,(0 0)
737, 736739106, -61.29, -61.11, -61.54, 0.00, 0.00,(0 0)
738, 737740098, -61.26, -60.99, -61.59, 0.00, 0.00,(0 0)
739, 738741090, -61.20, -60.82, -61.52, 0.00, 0.00,(0 0)
740, 739742082, -61.17, -60.70, -61.23, 0.00, 0.00,(0 0)
741, 740743074, -61.29, -61.09, -61.49, 0.00, 0.00,(0 0)
742, 741744066, -61.42, -61.21, -61.44, 0.00, 0.00,(0 0)
743, 742745058, -61.58, -61.35, -61.79, 0.00, 0.00,(0 0)
744, 743746050, -61.60, -61.32, -61.67, 0.00, 0.00,(0 0)
745, 744747042, -61.51, -61.06, -61.63, 0.00, 0.00,(0 0)
746, 745748034, -61.40, -61.24, -61.81, 0.00, 0.00,(0 0)
747, 746749026, -61.40, -61.22, -61.64, 0.00, 0.00,(0 0)
748, 747750018, -61.45, -61.01, -61.85, 0.00, 0.00,(0 0)
749, 748751010, -61.60, -61.14, -61.76, 0.00, 0.00,(0 0)
750, 749752002, -61.62, -61.50, -61.80, 0.00, 0.00,(0 0)
751, 750752993, -61.52, -61.47, -62.05, 0.00, 0.00,(0 0)
752, 751753985, -61.48, -61.45, -61.65, 0.00, 0.00,(0 0)
753, 752754977, -61.35, -61.26, -61.83, 0.00, 0.00,(0 0)
754, 753755969, -61.36, -61.31, -61.73, 0.00, 0.00,(0 0)
755, 754756961, -61.48, -61.10, -61.55, 0.00, 0.00,(0 0)
756, 755757953, -61.64, -61.07, -61.75, 0.00, 0.00,(0 0)
757, 756758945, -61.47, -61.26, -61.89, 0.00, 0.00,(0 0)
758, 757759937, -61.44, -61.26, -62.06, 0.00, 0.00,(0 0)
759, 758760929, -61.19, -61.04, -61.34, 0.00, 0.00,(0 0)
760, 759761921, -61.08, -60.89, -61.32, 0.00, 0.00,(0 0)
761, 760762913, -61.11, -60.81, -61.26, 0.00, 0.00,(0 0)
762, 761763905, -61.31, -61.22, -61.77, 0.00, 0.00,(0 0)
763, 762764897, -60.53, -59.95, -61.01, 0.00, 0.00,(0 0)
764, 763765889, -44.23, -44.23, -49.10, 0.00, 0.00,(0 0)
765, 764766881, -36.60, -33.41, -38.87, 0.00, 0.00,(0 0)
766, 765767873, -36.08, -29.38, -39.07, 0.00, 0.00,(0 0)
767, 766768865, -36.29, -29.32, -38.88, 0.00, 0.00,(0 0)
768, 767769857, -36.75, -29.95, -38.22, 0.00, 0.00,(0 0)
769, 768770849, -36.52, -29.71, -39.11, 0.00, 0.00,(0 0)
770, 769771841, -36.37, -30.09, -38.78, 0.00, 0.00,(0 0)
771, 770772833, -35.98, -30.15, -37.73, 0.00, 0.00,(0 0)
772, 771773825, -35.77, -29.99, -37.19, 0.00, 0.00,(0 0)
773, 772774817, -35.67, -32.08, -36.51, 0.00, 0.00,(0 0)
774, 773775809, -35.92, -33.34, -37.94, 0.00, 0.00,(0 0)
775, 774776801, -36.92, -33.85, -38.17, 0.00, 0.00,(0 0)
776, 775777793, -37.28, -34.10, -39.05, 0.00, 0.00,(0 0)
777, 776778785, -37.61, -34.08, -39.10, 0.00, 0.00,(0 0)
778, 777779777, -38.29, -34.83, -40.33, 0.00, 0.00,(0 0)
779, 778780769, -39.29, -34.09, -39.91, 0.00, 0.00,(0 0)
780, 779781761, -39.78, -33.03, -40.18, 0.00, 0.00,(0 0)
781, 780782753, -40.35, -34.85, -40.46, 0.00, 0.00,(0 0)
782, 781783745, -41.23, -39.52, -42.10, 0.00, 0.00,(0 0)
783, 782784737, -47.51, -45.41, -49.58, 0.00, 0.00,(0 0)
784, 783785729, -57.88, -55.72, -61.56, 0.00, 0.00,(0 0)
785, 784786721, -52.99, -48.22, -58.19, 0.00, 0.00,(0 0)
786, 785787713, -52.65, -47.64, -58.89, 0.00, 0.00,(0 0)
787, 786788705, -52.97, -48.61, -57.65, 0.00, 0.00,(0 0)
788, 787789697, -53.38, -49.59, -60.95, 0.00, 0.00,(0 0)
789, 788790689, -53.00, -48.83, -59.05, 0.00, 0.00,(0 0)
790, 789791681, -53.23, -48.26, -59.85, 0.00, 0.00,(0 0)
791, 790792673, -52.69, -48.18, -58.68, 0.00, 0.00,(0 0)
792, 791793665, -53.35, -48.81, -60.49, 0.00, 0.00,(0 0)
793, 792794657, -53.89, -49.35, -57.73, 0.00, 0.00,(0 0)
794, 793795649, -54.63, -49.37, -60.73, 0.00, 0.00,(0 0)
795, 794796641, -54.53, -48.76, -59.98, 0.00, 0.00,(0 0)
796, 795797633, -55.27, -52.73, -61.88, 0.00, 0.00,(0 0)
797, 796798625, -54.93, -49.01, -62.30, 0.00, 0.00,(0 0)
798, 797799617, -55.08, -49.20, -59.89, 0.00, 0.00,(0 0)
799, 798800609, -55.06, -50.15, -60.83, 0.00, 0.00,(0 0)
800, 799801601, -55.17, -49.36, -61.01, 0.00, 0.00,(0 0)
801, 800802593, -55.95, -50.30, -61.84, 0.00, 0.00,(0 0)
802, 801803585, -56.81, -51.77, -60.59, 0.00, 0.00,(0 0)
803, 802804577, -60.44, -58.85, -63.05, 0.00, 0.00,(0 0)
804, 803805569, -62.99, -62.72, -63.18, 0.00, 0.00,(0 0)
805, 804806561, -62.75, -62.60, -63.29, 0.00, 0.00,(0 0)
806, 805807553, -62.63, -62.19, -62.71, 0.00, 0.00,(0 0)
807, 806808545, -62.59, -62.38, -63.05, 0.00, 0.00,(0 0)
808, 807809537, -62.71, -62.50, -62.89, 0.00, 0.00,(0 0)
809, 808810529, -62.91, -62.71, -63.30, 0.00, 0.00,(0 0)
810, 809811521, -62.94, -62.94, -63.33, 0.00, 0.00,(0 0)
811, 810812513, -62.92, -62.72, -63.31, 0.00, 0.00,(0 0)
812, 811813505, -63.08, -62.94, -63.42, 0.00, 0.00,(0 0)
813, 812814497, -63.28, -62.83, -64.08, 0.00, 0.00,(0 0)
814, 813815489, -63.74, -62.91, -64.12, 0.00, 0.00,(0 0)
815, 814816481, -64.13, -64.03, -64.94, 0.00, 0.00,(0 0)
816, 815817473, -64.44, -64.25, -64.58, 0.00, 0.00,(0 0)
817, 816818465, -64.68, -64.08, -65.33, 0.00, 0.00,(0 0)
818, 817819457, -64.80, -64.68, -64.94, 0.00, 0.00,(0 0)
819, 818820449, -65.04, -64.71, -65.05, 0.00, 0.00,(0 0)
820, 819821441, -65.51, -65.50, -65.92, 0.00, 0.00,(0 0)
821, 820822433, -65.89, -65.74, -66.11, 0.00, 0.00,(0 0)
822, 821823425, -66.27, -65.62, -66.57, 0.00, 0.00,(0 0)
823, 822824417, -65.88, -65.75, -65.99, 0.00, 0.00,(0 0)
824, 823825409, -66.10, -65.61, -66.14, 0.00, 0.00,(0 0)
825, 824826401, -66.68, -66.12, -66.69, 0.00, 0.00,(0 0)
826, 825827393, -66.98, -66.64, -67.03, 0.00, 0.00,(0 0)
827, 826828385, -67.25, -67.15, -67.73, 0.00, 0.00,(0 0)
828, 827829377, -67.55, -66.97, -67.90, 0.00, 0.00,(0 0)
829, 828830369, -67.61, -66.62, -67.68, 0.00, 0.00,(0 0)
830, 829831361, -67.59, -67.43, -67.98, 0.00, 0.00,(0 0)
831, 830832353, -67.62, -67.34, -67.77, 0.00, 0.00,(0 0)
832, 831833345, -67.77, -67.03, -68.43, 0.00, 0.00,(0 0)
833, 832834337, -67.95, -67.86, -68.40, 0.00, 0.00,(0 0)
834, 833835329, -67.99, -67.36, -68.01, 0.00, 0.00,(0 0)
835, 834836321, -68.13, -67.97, -68.25, 0.00, 0.00,(0 0)
836, 835837313, -68.08, -67.68, -68.38, 0.00, 0.00,(0 0)
837, 836838305, -67.95, -67.42, -68.10, 0.00, 0.00,(0 0)
838, 837839297, -67.98, -67.58, -68.12, 0.00, 0.00,(0 0)
839, 838840289, -68.06, -67.77, -68.52, 0.00, 0.00,(0 0)
840, 839841281, -67.94, -67.48, -68.20, 0.00, 0.00,(0 0)
841, 840842273, -67.91, -67.54, -68.39, 0.00, 0.00,(0 0)
842, 841843265, -67.87, -67.85, -68.49, 0.00, 0.00,(0 0)
843, 842844257, -67.68, -67.46, -68.40, 0.00, 0.00,(0 0)
844, 843845249, -67.46, -67.03, -67.52, 0.00, 0.00,(0 0)
845, 844846241, -67.16, -67.14, -67.82, 0.00, 0.00,(0 0)
846, 845847233, -67.14, -66.94, -67.28, 0.00, 0.00,(0 0)
847, 846848225, -67.26, -67.11, -67.95, 0.00, 0.00,(0 0)
848, 847849217, -67.36, -67.22, -67.72, 0.00, 0.00,(0 0)
849, 848850209, -67.28, -66.68, -67.34, 0.00, 0.00,(0 0)
850, 849851201, -67.10, -66.67, -67.15, 0.00, 0.00,(0 0)
851, 850852193, -67.06, -67.04, -67.51, 0.00, 0.00,(0 0)
852, 851853185, -67.41, -67.28, -67.89, 0.00, 0.00,(0 0)
853, 852854177, -67.73, -67.02, -67.77, 0.00, 0.00,(0 0)
854, 853855169, -67.82, -67.69, -67.99, 0.00, 0.00,(0 0)
855, 854856161, -67.89, -67.84, -68.13, 0.00, 0.00,(0 0)
856, 855857153, -68.02, -67.61, -68.09, 0.00, 0.00,(0 0)
857, 856858145, -68.21, -67.84, -68.27, 0.00, 0.00,(0 0)
858, 857859137, -68.62, -67.89, -68.65, 0.00, 0.00,(0 0)
859, 858860129, -68.98, -68.74, -69.02, 0.00, 0.00,(0 0)
860, 859861121, -69.19, -68.80, -69.32, 0.00, 0.00,(0 0)
861, 860862113, -69.40, -69.35, -69.87, 0.00, 0.00,(0 0)
862, 861863105, -69.79, -69.63, -70.03, 0.00, 0.00,(0 0)
863, 862864097, -69.90, -69.45, -69.91, 0.00, 0.00,(0 0)
864, 863865089, -70.23, -69.52, -70.36, 0.00, 0.00,(0 0)
865, 864866081, -70.57, -69.95, -70.58, 0.00, 0.00,(0 0)
866, 865867073, -70.81, -70.79, -71.15, 0.00, 0.00,(0 0)
867, 866868065, -71.09, -70.66, -71.26, 0.00, 0.00,(0 0)
868, 867869057, -71.19, -71.02, -71.56, 0.00, 0.00,(0 0)
869, 868870049, -71.19, -70.85, -71.35, 0.00, 0.00,(0 0)
870, 869871041, -71.26, -71.07, -71.39, 0.00, 0.00,(0 0)
871, 870872033, -71.46, -71.16, -71.54, 0.00, 0.00,(0 0)
872, 871873025, -71.68, -71.34, -71.77, 0.00, 0.00,(0 0)
873, 872874017, -71.84, -71.75, -72.07, 0.00, 0.00,(0 0)
874, 873875009, -72.05, -72.00, -72.33, 0.00, 0.00,(0 0)
875, 874876001, -71.98, -71.73, -72.26, 0.00, 0.00,(0 0)
876, 875876992, -71.96, -71.77, -72.09, 0.00, 0.00,(0 0)
877, 876877984, -72.14, -72.10, -72.63, 0.00, 0.00,(0 0)
878, 877878976, -72.33, -71.82, -72.73, 0.00, 0.00,(0 0)
879, 878879968, -72.42, -72.25, -72.78, 0.00, 0.00,(0 0)
880, 879880960, -72.14, -71.58, -72.34, 0.00, 0.00,(0 0)
881, 880881952, -71.91, -71.91, -72.41, 0.00, 0.00,(0 0)
882, 881882944, -72.38, -72.03, -72.43, 0.00, 0.00,(0 0)
883, 882883936, -72.42, -72.28, -73.02, 0.00, 0.00,(0 0)
884, 883884928, -72.43, -71.81, -72.65, 0.00, 0.00,(0 0)
885, 884885920, -72.59, -72.37, -72.98, 0.00, 0.00,(0 0)
886, 885886912, -72.66, -72.32, -72.79, 0.00, 0.00,(0 0)
887, 886887904, -72.65, -72.32, -72.87, 0.00, 0.00,(0 0)
888, 887888896, -72.57, -71.59, -72.71, 0.00, 0.00,(0 0)
889, 888889888, -72.48, -71.38, -72.51, 0.00, 0.00,(0 0)
890, 889890880, -72.37, -72.34, -72.62, 0.00, 0.00,(0 0)
891, 890891872, -72.50, -72.22, -72.88, 0.00, 0.00,(0 0)
892, 891892864, -72.54, -72.42, -72.83, 0.00, 0.00,(0 0)
893, 892893856, -72.76, -72.54, -72.89, 0.00, 0.00,(0 0)
894, 893894848, -72.81, -72.19, -73.31, 0.00, 0.00,(0 0)
895, 894895840, -72.67, -72.65, -73.23, 0.00, 0.00,(0 0)
896, 895896832, -72.75, -72.70, -73.31, 0.00, 0.00,(0 0)
897, 896897824, -72.90, -72.81, -73.05, 0.00, 0.00,(0 0)
898, 897898816, -73.04, -73.04, -73.53, 0.00, 0.00,(0 0)
899, 898899808, -73.10, -72.96, -73.85, 0.00, 0.00,(0 0)
900, 899900800, -72.84, -72.84, -73.60, 0.00, 0.00,(0 0)
901, 900901792, -72.84, -72.44, -73.69, 0.00, 0.00,(0 0)
902, 901902784, -73.34, -73.15, -73.56, 0.00, 0.00,(0 0)
903, 902903776, -73.47, -73.08, -74.10, 0.00, 0.00,(0 0)
904, 903904768, -73.69, -73.63, -74.26, 0.00, 0.00,(0 0)
905, 904905760, -73.87, -73.77, -74.57, 0.00, 0.00,(0 0)
906, 905906752, -74.06, -74.03, -74.40, 0.00, 0.00,(0 0)
907, 906907744, -74.18, -73.73, -74.93, 0.00, 0.00,(0 0)
908, 907908736, -74.06, -73.91, -74.48, 0.00, 0.00,(0 0)
909, 908909728, -73.25, -72.91, -73.48, 0.00, 0.00,(0 0)
910, 909910720, -71.70, -70.80, -72.23, 0.00, 0.00,(0 0)
911, 910911712, -72.18, -71.05, -72.64, 0.00, 0.00,(0 0)
912, 911912704, -73.41, -72.91, -73.71, 0.00, 0.00,(0 0)
913, 912913696, -74.67, -74.14, -74.85, 0.00, 0.00,(0 0)
914, 913914688, -74.77, -74.29, -75.29, 0.00, 0.00,(0 0)
915, 914915680, -74.65, -74.65, -75.33, 0.00, 0.00,(0 0)
916, 915916672, -74.82, -74.27, -75.06, 0.00, 0.00,(0 0)
917, 916917664, -74.96, -74.95, -75.11, 0.00, 0.00,(0 0)
918, 917918656, -75.08, -75.07, -75.77, 0.00, 0.00,(0 0)
919, 918919648, -75.11, -74.79, -75.53, 0.00, 0.00,(0 0)
920, 919920640, -75.04, -74.93, -75.17, 0.00, 0.00,(0 0)
921, 920921632, -74.94, -74.81, -75.40, 0.00, 0.00,(0 0)
922, 921922624, -75.05, -74.88, -75.57, 0.00, 0.00,(0 0)
923, 922923616, -74.98, -74.77, -75.06, 0.00, 0.00,(0 0)
924, 923924608, -75.05, -74.71, -75.06, 0.00, 0.00,(0 0)
925, 924925600, -75.22, -74.57, -75.28, 0.00, 0.00,(0 0)
926, 925926592, -75.19, -75.12, -75.29, 0.00, 0.00,(0 0)
927, 926927584, -75.21, -74.41, -75.22, 0.00, 0.00,(0 0)
928, 927928576, -74.91, -74.35, -75.42, 0.00, 0.00,(0 0)
929, 928929568, -74.53, -74.45, -75.37, 0.00, 0.00,(0 0)
930, 929930560, -74.36, -74.08, -74.55, 0.00, 0.00,(0 0)
931, 930931552, -74.59, -74.30, -74.61, 0.00, 0.00,(0 0)
932, 931932544, -74.71, -74.27, -74.72, 0.00, 0.00,(0 0)
933, 932933536, -74.91, -74.21, -75.14, 0.00, 0.00,(0 0)
934, 933934528, -74.92, -74.55, -74.97, 0.00, 0.00,(0 0)
935, 934935520, -55.43, -54.96, -55.72, 0.00, 0.00,(0 0)
936, 935936512, -43.80, -43.29, -44.43, 0.00, 0.00,(0 0)
937, 936937504, -39.91, -39.91, -40.35, 0.00, 0.00,(0 0)
938, 937938496, -32.58, -32.28, -33.43, 0.00, 0.00,(0 0)
939, 938939488, -37.77, -37.70, -38.20, 0.00, 0.00,(0 0)
940, 939940480, -35.50, -35.03, -36.57, 0.00, 0.00,(0 0)
941, 940941472, -35.18, -34.90, -35.72, 0.00, 0.00,(0 0)
942, 941942464, -35.34, -35.05, -36.70, 0.00, 0.00,(0 0)
943, 942943456, -37.72, -37.56, -39.18, 0.00, 0.00,(0 0)
944, 943944448, -47.22, -46.98, -48.63, 0.00, 0.00,(0 0)
945, 944945440, -36.06, -35.82, -36.32, 0.00, 0.00,(0 0)
946, 945946432, -36.18, -35.50, -36.24, 0.00, 0.00,(0 0)
947, 946947424, -40.76, -39.67, -41.15, 0.00, 0.00,(0 0)
948, 947948416, -49.87, -48.18, -50.91, 0.00, 0.00,(0 0)
949, 948949408, -52.08, -47.76, -55.82, 0.00, 0.00,(0 0)
950, 949950400, -51.82, -36.66, -59.88, 0.00, 0.00,(0 0)
951, 950951392, -54.34, -41.75, -63.69, 0.00, 0.00,(0 0)
952, 951952384, -60.10, -56.51, -63.82, 0.00, 0.00,(0 0)
953, 952953376, -67.96, -67.08, -69.14, 0.00, 0.00,(0 0)
954, 953954368, -73.33, -73.27, -73.86, 0.00, 0.00,(0 0)
955, 954955360, -58.55, -55.31, -60.63, 0.00, 0.00,(0 0)
956, 955956352, -39.69, -34.99, -42.25, 0.00, 0.00,(0 0)
957, 956957344, -35.12, -31.01, -38.14, 0.00, 0.00,(0 0)
958, 957958336, -35.32, -30.85, -37.79, 0.00, 0.00,(0 0)
959, 958959328, -35.84, -31.61, -37.86, 0.00, 0.00,(0 0)
960, 959960320, -38.28, -34.42, -40.22, 0.00, 0.00,(0 0)
961, 960961312, -50.44, -45.60, -52.86, 0.00, 0.00,(0 0)
962, 961962304, -73.70, -72.46, -73.90, 0.00, 0.00,(0 0)
963, 962963296, -74.09, -74.01, -74.49, 0.00, 0.00,(0 0)
964, 963964288, -74.07, -74.01, -74.25, 0.00, 0.00,(0 0)
965, 964965280, -74.19, -74.05, -74.59, 0.00, 0.00,(0 0)
966, 965966272, -74.09, -74.01, -74.47, 0.00, 0.00,(0 0)
967, 966967264, -74.10, -73.80, -74.75, 0.00, 0.00,(0 0)
968, 967968256, -73.88, -73.71, -74.45, 0.00, 0.00,(0 0)
969, 968969248, -73.82, -73.54, -74.27, 0.00, 0.00,(0 0)
970, 969970240, -73.79, -73.37, -74.19, 0.00, 0.00,(0 0)
971, 970971232, -73.89, -73.64, -74.20, 0.00, 0.00,(0 0)
972, 971972224, -73.89, -73.70, -74.20, 0.00, 0.00,(0 0)
973, 972973216, -73.85, -73.50, -74.11, 0.00, 0.00,(0 0)
974, 973974208, -73.75, -73.33, -73.85, 0.00, 0.00,(0 0)
975, 974975200, -73.52, -73.14, -74.03, 0.00, 0.00,(0 0)
976, 975976192, -73.41, -73.04, -73.71, 0.00, 0.00,(0 0)
977, 976977184, -73.49, -73.09, -73.51, 0.00, 0.00,(0 0)
978, 977978176, -73.47, -72.61, -73.95, 0.00, 0.00,(0 0)
979, 978979168, -73.46, -72.97, -73.56, 0.00, 0.00,(0 0)
980, 979980160, -73.41, -73.29, -73.65, 0.00, 0.00,(0 0)
981, 980981152, -73.19, -72.78, -73.44, 0.00, 0.00,(0 0)
982, 981982144, -73.11, -72.86, -73.30, 0.00, 0.00,(0 0)
983, 982983136, -73.00, -72.70, -73.45, 0.00, 0.00,(0 0)
984, 983984128, -73.08, -73.05, -73.36, 0.00, 0.00,(0 0)
985, 984985120, -73.12, -72.89, -73.24, 0.00, 0.00,(0 0)
986, 985986112, -73.10, -72.97, -73.62, 0.00, 0.00,(0 0)
987, 986987104, -72.96, -72.70, -73.78, 0.00, 0.00,(0 0)
988, 987988096, -72.82, -72.76, -73.17, 0.00, 0.00,(0 0)
989, 988989088, -72.64, -72.12, -72.70, 0.00, 0.00,(0 0)
990, 989990080, -72.62, -72.21, -72.64, 0.00, 0.00,(0 0)
991, 990991072, -72.76, -72.20, -72.89, 0.00, 0.00,(0 0)
992, 991992064, -72.75, -72.65, -72.84, 0.00, 0.00,(0 0)
993, 992993056, -72.80, -72.31, -72.89, 0.00, 0.00,(0 0)
994, 993994048, -72.60, -72.33, -72.78, 0.00, 0.00,(0 0)
995, 994995040, -72.46, -72.37, -72.66, 0.00, 0.00,(0 0)
996, 995996032, -72.38, -71.83, -72.46, 0.00, 0.00,(0 0)
997, 996997024, -72.40, -72.13, -73.14, 0.00, 0.00,(0 0)
998, 997998016, -72.55, -72.01, -72.65, 0.00, 0.00,(0 0)
999, 998999008, -72.56, -71.62, -72.63, 0.00, 0.00,(0 0)
1000, 1000000000, -72.40, -72.13, -72.90, 0.00, 0.00,(0 0)
